昵称,点赞数,时间,评论
你吃饭了吗,147,2025-05-24 13:00:36,开头还以为是言叶之庭[捂脸]
用户2427814318048,0,2025-06-15 19:59:46,滤镜怎么弄 ，好看
偶尔有点帅哦,0,2025-06-15 10:41:31,哥  这种滤镜怎么弄啊[感谢]
有关必回,0,2025-06-14 21:05:57,
失意,1,2025-06-14 07:19:26,我可太喜欢这种意境了
悬溺Ö📷,0,2025-05-18 19:54:01,太美了
@齐河摄影师-张🉑-📸,0,2025-06-12 17:49:47,立马回
一方静土SS,0,2025-05-20 17:54:46,永远快乐，永远无忧[赞]
靳凇（阿瑾）,0,2025-05-18 22:24:03,好喜欢[送心]
柚子鬼,2,2025-06-15 21:48:32,这人脑子[疑问][疑问]
仙女青梅,0,2025-06-15 21:51:15,真的非常好看的一部电影！
陌路人,80135,2025-06-05 18:13:38,嘿！伙计，这已经不是你第一次为绿皮书停下脚步
莱恩大王,18651,2025-06-06 17:17:34,谁懂这张电影海报的含金量，能看懂的就会有鸡皮疙瘩起来那种感觉
尖参.,6917,2025-06-06 02:59:18,必须支持  加关注   加收藏   加推荐   加特别关注[玫瑰]
阿远能吃三碗饭.,4324,2025-06-07 00:03:15,《绿皮书》我看过，是这个吧！！
吃葡萄的蝴蝶,3,2025-06-15 21:02:48,《肖申克的救赎》《绿皮书》《阿甘正传》《当幸福来敲门》《寂寞的小姨》《绿里奇迹》《爆裂鼓手》《海上钢琴师》《星际穿越》《遗愿清单》《咒怨》《楚门的世界》《触不可及》《失眠的姐姐》《海蒂和爷... 展开
布鲁布鲁,5896,2025-06-05 22:27:09,有个狗东西说这个电影叫《绿皮车》让我搜了一下午！[绝望的凝视]
罗密欧与猪过夜,2477,2025-06-08 13:34:52,"我好肤浅，我居然一部都没看过，绿皮书
肖生克的救赎
阿甘正传
当幸福来敲门
触不可及
永不放弃
幸福终点站
闻香识女人
弱点
天堂电影院"
不吃lemon,184142,2025-06-05 19:51:09,"up,如果视频经常被下架，可以拉黑同行试试[憨笑]"
铜陵空调服务,0,2025-06-12 22:02:29,这个电影中的民沣银行是在安徽铜陵的徽商银行拍的
优秀的社会主义接班人,1,2025-06-11 22:43:11,翻拍韩国的，翻拍烂得要死
ZDC,3,2025-06-12 12:34:56,哈哈哈满意了
启示录,1,2025-06-12 17:41:32,大鹏的几部戏有想法，也有深度，但是看大鹏演戏真的感觉很累，感觉大鹏累，观众看得也累。
多走两步,0,2025-06-12 13:49:51,烂片
姓韦名健，天行健。,0,2025-06-10 17:31:22,所有的人都打了四针疫苗
金鸿鸣,0,2025-06-12 12:44:54,这是被劫匪学去了，那警察脑壳就大了[捂脸]
快下课了,0,2025-06-15 20:44:26,3:27有阿如那
一念永恒,231,2025-04-25 09:21:21,大鹏唯一一个把瞪眼当演技的人了。
@我在你的时间里耍过,2,2025-04-26 06:58:42,为什么要喷大鹏，演的可以了，比那些谁强多了，本来就是演一个嘚得人
花開富贵🌹,2,2025-06-15 21:44:48,沪爷：我第一次听有人骂我是穷人
°。涛…,0,2025-06-15 21:48:35,这还只是上海，哈哈
ᴄʟᴀɪʀᴇ,1005,2025-06-15 09:19:08,哪个城市适合定居[思考]
一只陳,0,2025-06-15 20:17:49,上海没入梅嘛
军&哥,1,2025-06-15 21:45:29,那里乡下来的？
高光的时刻,34,2025-06-15 13:31:00,来潮汕啊，我请你吃茶叶蛋
纨绔子喵之家,15,2025-06-15 13:45:43,上海周边是苏州无锡南通  赶紧来啊  顺便还能看苏超
金玉满堂16688,0,2025-06-15 08:47:00,有次我下电梯，几个大妈也上来了，同时上来的还有一个机器人，电梯超重了，大妈让机器人下去机器人听不懂，于是大妈抬着机器人把机器人扔了出去，当时笑死了[呲牙]
有缘无分,52,2025-06-14 23:23:34,收回台湾后  真的要好好教育教育台湾人的嘴
摩羯丶肖,10,2025-06-15 19:43:19,送外卖的速度比台湾充话费还快 [微笑]
火灵,26,2025-06-12 20:47:57,00:51~~是啥滴出来了?  [坏笑]  [坏笑]
云朵里的烟,9,2025-06-13 09:45:25,大海啊 我的母亲。大海：来儿子喝水[捂脸]
飘飘忽忽,3,2025-06-12 20:06:54,前面铁板上滑下去那个，边上是红的，是因为很多人痔疮在那爆了吗
💋鱼鱼Q派,2,2025-06-12 19:57:40,00:51~~是啥滴出来了?  [坏笑]  [坏笑]
和光同陈,0,2025-06-14 19:36:17,墩着pp那兄弟是把痔疮搞破了么[尬笑]
念月＇忘川,0,2025-06-15 07:48:24,大海啊我的母亲~呸…后妈[笑哭]
正在偷吃碎片手雷,2,2025-06-13 17:46:19,第一个，嘎巴一下死哪里，具现化了[捂脸][捂脸]
kk鑫哥🌈🇨🇳,0,2025-06-13 11:40:15,见面就汪汪叫[大笑][大笑][大笑]
damn炒饭,0,2025-06-13 09:53:58,大海:儿子 妈来了
王榟安,0,2025-06-13 22:09:47,我是狙击手摔跤。
